[
  {"version":2},
  {"ingredient":{"id":"mekanism:upgrade_speed"},"type":"item_stack","bookmarkType":"INGREDIENT"},
  {"ingredient":{"id":"mekanism:upgrade_energy"},"type":"item_stack","bookmarkType":"INGREDIENT"},
  {"ingredient":{"id":"waystones:warp_stone","components":{"minecraft:damage":1}},"type":"item_stack","bookmarkType":"INGREDIENT"},
  {"ingredient":{"id":"minecraft:diamond_pickaxe","components":{"minecraft:enchantments":{"levels":{"minecraft:unbreaking":3,"minecraft:fortune":2}},"minecraft:damage":230,"minecraft:custom_name":"\"pick me\"","minecraft:repair_cost":1}},"type":"item_stack","bookmarkType":"INGREDIENT"},
  {"recipe":"mekanism:processing/osmium/dust/from_ingot","recipeType":"mekanism:crushing","bookmarkType":"RECIPE"}
]