[
  {"version":2},
  {"ingredient":{"id":"minecraft:iron_ingot"},"type":"item_stack","bookmarkType":"INGREDIENT"},
  {"ingredient":{"id":"refinedstorage:crafting_grid"},"type":"item_stack","bookmarkType":"INGREDIENT"},
  {"ingredient":{"id":"minecraft:melon_slice"},"type":"item_stack","bookmarkType":"INGREDIENT"},
  {"ingredient":{"id":"minecraft:tuff"},"type":"item_stack","bookmarkType":"INGREDIENT"},
  {"ingredient":{"id":"tacz:gun_smith_table"},"type":"item_stack","bookmarkType":"INGREDIENT"}
]