[
  {"version":2},
  {"ingredient":{"id":"mekanism:basic_universal_cable"},"type":"item_stack","bookmarkType":"INGREDIENT"},
  {"ingredient":{"id":"sophisticatedstorage:stack_upgrade_tier_1"},"type":"item_stack","bookmarkType":"INGREDIENT"},
  {"ingredient":{"id":"sophisticatedstorage:upgrade_base"},"type":"item_stack","bookmarkType":"INGREDIENT"},
  {"ingredient":{"id":"mekanism:metallurgic_infuser"},"type":"item_stack","bookmarkType":"INGREDIENT"},
  {"ingredient":{"id":"mekanism:enriched_iron"},"type":"item_stack","bookmarkType":"INGREDIENT"},
  {"ingredient":{"id":"refinedstorage:disk_drive"},"type":"item_stack","bookmarkType":"INGREDIENT"},
  {"ingredient":{"id":"create:mechanical_pump"},"type":"item_stack","bookmarkType":"INGREDIENT"},
  {"ingredient":{"id":"refinedstorage:autocrafter_manager"},"type":"item_stack","bookmarkType":"INGREDIENT"},
  {"ingredient":{"id":"refinedstorage:pattern_grid"},"type":"item_stack","bookmarkType":"INGREDIENT"},
  {"ingredient":{"id":"refinedstorage:grid"},"type":"item_stack","bookmarkType":"INGREDIENT"},
  {"ingredient":{"id":"refinedstorage:autocrafter"},"type":"item_stack","bookmarkType":"INGREDIENT"},
  {"ingredient":{"id":"minecraft:netherrack"},"type":"item_stack","bookmarkType":"INGREDIENT"},
  {"ingredient":{"id":"copycats:copycat_sliding_door"},"type":"item_stack","bookmarkType":"INGREDIENT"},
  {"ingredient":{"id":"fluxnetworks:flux_controller"},"type":"item_stack","bookmarkType":"INGREDIENT"},
  {"ingredient":{"id":"fluxnetworks:flux_point"},"type":"item_stack","bookmarkType":"INGREDIENT"},
  {"ingredient":{"id":"fluxnetworks:flux_plug"},"type":"item_stack","bookmarkType":"INGREDIENT"},
  {"ingredient":{"id":"minecraft:stonecutter"},"type":"item_stack","bookmarkType":"INGREDIENT"},
  {"ingredient":{"id":"explorerscompass:explorerscompass"},"type":"item_stack","bookmarkType":"INGREDIENT"},
  {"ingredient":{"id":"waystones:waystone"},"type":"item_stack","bookmarkType":"INGREDIENT"},
  {"ingredient":{"id":"unusual_furniture:spruce_celling_lamp"},"type":"item_stack","bookmarkType":"INGREDIENT"}
]