[
  {"version":1},
  {"ingredient":{"id":"refinedstorage:security_manager"},"type":"item_stack","bookmarkType":"INGREDIENT"},
  {"ingredient":{"id":"minecraft:paper"},"type":"item_stack","bookmarkType":"INGREDIENT"},
  {"ingredient":{"id":"refinedstorage:fallback_security_card"},"type":"item_stack","bookmarkType":"INGREDIENT"},
  {"ingredient":{"id":"refinedstorage:network_card"},"type":"item_stack","bookmarkType":"INGREDIENT"},
  {"ingredient":{"id":"refinedstorage:security_card"},"type":"item_stack","bookmarkType":"INGREDIENT"},
  {"ingredient":{"id":"waystones:waystone"},"type":"item_stack","bookmarkType":"INGREDIENT"},
  {"ingredient":{"id":"waystones:warp_stone"},"type":"item_stack","bookmarkType":"INGREDIENT"},
  {"ingredient":{"id":"farmersdelight:cutting_board"},"type":"item_stack","bookmarkType":"INGREDIENT"},
  {"ingredient":{"id":"minecraft:amethyst_block"},"type":"item_stack","bookmarkType":"INGREDIENT"},
  {"ingredient":{"id":"minecraft:amethyst_shard"},"type":"item_stack","bookmarkType":"INGREDIENT"},
  {"ingredient":{"id":"minecraft:emerald"},"type":"item_stack","bookmarkType":"INGREDIENT"},
  {"ingredient":{"id":"minecraft:diamond_pickaxe","components":{"minecraft:damage":123}},"type":"item_stack","bookmarkType":"INGREDIENT"},
  {"ingredient":{"id":"minecraft:shield"},"type":"item_stack","bookmarkType":"INGREDIENT"},
  {"ingredient":{"id":"aether:shield_of_repulsion"},"type":"item_stack","bookmarkType":"INGREDIENT"},
  {"ingredient":{"id":"twilightforest:knightmetal_shield"},"type":"item_stack","bookmarkType":"INGREDIENT"},
  {"ingredient":{"id":"minecraft:stone_bricks"},"type":"item_stack","bookmarkType":"INGREDIENT"},
  {"ingredient":{"id":"explorerscompass:explorerscompass"},"type":"item_stack","bookmarkType":"INGREDIENT"},
  {"ingredient":{"id":"twilightforest:maze_map_focus"},"type":"item_stack","bookmarkType":"INGREDIENT"},
  {"ingredient":{"id":"twilightforest:uncrafting_table"},"type":"item_stack","bookmarkType":"INGREDIENT"},
  {"ingredient":{"id":"minecraft:leather"},"type":"item_stack","bookmarkType":"INGREDIENT"},
  {"ingredient":{"id":"minecraft:rabbit_hide"},"type":"item_stack","bookmarkType":"INGREDIENT"},
  {"ingredient":{"id":"minecraft:book"},"type":"item_stack","bookmarkType":"INGREDIENT"},
  {"ingredient":{"id":"minecraft:enchanted_book","components":{"minecraft:stored_enchantments":{"levels":{"tombstone:curse_of_bones":1}}}},"type":"item_stack","bookmarkType":"INGREDIENT"},
  {"ingredient":{"id":"minecraft:cobweb"},"type":"item_stack","bookmarkType":"INGREDIENT"},
  {"ingredient":{"id":"minecraft:cracked_stone_bricks"},"type":"item_stack","bookmarkType":"INGREDIENT"},
  {"ingredient":{"id":"minecraft:compass"},"type":"item_stack","bookmarkType":"INGREDIENT"},
  {"ingredient":{"id":"fluxnetworks:flux_controller"},"type":"item_stack","bookmarkType":"INGREDIENT"},
  {"ingredient":{"id":"minecraft:netherite_ingot"},"type":"item_stack","bookmarkType":"INGREDIENT"},
  {"ingredient":{"id":"minecraft:netherite_scrap"},"type":"item_stack","bookmarkType":"INGREDIENT"},
  {"ingredient":{"id":"mekanism:dust_netherite"},"type":"item_stack","bookmarkType":"INGREDIENT"},
  {"ingredient":{"id":"mekanism:dirty_netherite_scrap"},"type":"item_stack","bookmarkType":"INGREDIENT"},
  {"ingredient":{"id":"minecraft:ancient_debris"},"type":"item_stack","bookmarkType":"INGREDIENT"},
  {"ingredient":{"id":"mekanism:enrichment_chamber"},"type":"item_stack","bookmarkType":"INGREDIENT"},
  {"ingredient":{"id":"mekanism:purification_chamber"},"type":"item_stack","bookmarkType":"INGREDIENT"},
  {"ingredient":{"id":"mekanism:basic_control_circuit"},"type":"item_stack","bookmarkType":"INGREDIENT"},
  {"ingredient":{"id":"mekanism:crusher"},"type":"item_stack","bookmarkType":"INGREDIENT"},
  {"ingredient":{"id":"minecraft:glass"},"type":"item_stack","bookmarkType":"INGREDIENT"},
  {"ingredient":{"id":"mekanism:steel_casing"},"type":"item_stack","bookmarkType":"INGREDIENT"},
  {"ingredient":{"id":"mekanism:enriched_iron"},"type":"item_stack","bookmarkType":"INGREDIENT"},
  {"ingredient":{"id":"mekanism:dust_steel"},"type":"item_stack","bookmarkType":"INGREDIENT"},
  {"ingredient":{"id":"mekanism:ingot_steel"},"type":"item_stack","bookmarkType":"INGREDIENT"},
  {"ingredient":{"id":"mekanism:basic_universal_cable"},"type":"item_stack","bookmarkType":"INGREDIENT"},
  {"ingredient":{"id":"mekanism:metallurgic_infuser"},"type":"item_stack","bookmarkType":"INGREDIENT"},
  {"ingredient":{"id":"mekanism:basic_infusing_factory"},"type":"item_stack","bookmarkType":"INGREDIENT"},
  {"ingredient":{"id":"mekanism:ingot_osmium"},"type":"item_stack","bookmarkType":"INGREDIENT"},
  {"ingredient":{"id":"fluxnetworks:flux_core"},"type":"item_stack","bookmarkType":"INGREDIENT"},
  {"ingredient":{"id":"fluxnetworks:flux_point"},"type":"item_stack","bookmarkType":"INGREDIENT"},
  {"ingredient":{"id":"fluxnetworks:flux_block"},"type":"item_stack","bookmarkType":"INGREDIENT"},
  {"ingredient":{"id":"fluxnetworks:flux_dust"},"type":"item_stack","bookmarkType":"INGREDIENT"},
  {"ingredient":{"id":"refinedstorage:speed_upgrade"},"type":"item_stack","bookmarkType":"INGREDIENT"},
  {"ingredient":{"id":"minecraft:sugar"},"type":"item_stack","bookmarkType":"INGREDIENT"},
  {"ingredient":{"id":"refinedstorage:upgrade"},"type":"item_stack","bookmarkType":"INGREDIENT"},
  {"ingredient":{"id":"refinedstorage:autocrafting_upgrade"},"type":"item_stack","bookmarkType":"INGREDIENT"},
  {"ingredient":{"id":"ironfurnaces:augment_speed"},"type":"item_stack","bookmarkType":"INGREDIENT"},
  {"ingredient":{"id":"minecraft:stonecutter"},"type":"item_stack","bookmarkType":"INGREDIENT"},
  {"ingredient":{"id":"copycats:copycat_sliding_door"},"type":"item_stack","bookmarkType":"INGREDIENT"},
  {"ingredient":{"id":"copycats:copycat_folding_door"},"type":"item_stack","bookmarkType":"INGREDIENT"},
  {"ingredient":{"id":"framedblocks:framed_secret_storage"},"type":"item_stack","bookmarkType":"INGREDIENT"},
  {"ingredient":"mekanism:antimatter","type":"mekanism.api.chemical.ChemicalStack","bookmarkType":"INGREDIENT"},
  {"ingredient":{"id":"mekanism:pellet_antimatter"},"type":"item_stack","bookmarkType":"INGREDIENT"},
  {"ingredient":{"id":"minecraft:echo_shard"},"type":"item_stack","bookmarkType":"INGREDIENT"},
  {"ingredient":{"id":"generatorgalore:ender_generator_64x"},"type":"item_stack","bookmarkType":"INGREDIENT"},
  {"ingredient":{"id":"create:zinc_ingot"},"type":"item_stack","bookmarkType":"INGREDIENT"},
  {"ingredient":{"id":"copycats:copycat_iron_door"},"type":"item_stack","bookmarkType":"INGREDIENT"},
  {"ingredient":{"id":"copycats:copycat_door"},"type":"item_stack","bookmarkType":"INGREDIENT"},
  {"ingredient":{"id":"mcwdoors:print_whispering"},"type":"item_stack","bookmarkType":"INGREDIENT"},
  {"ingredient":{"id":"mcwdoors:dark_oak_whispering_door"},"type":"item_stack","bookmarkType":"INGREDIENT"},
  {"ingredient":{"id":"powah:solar_panel_starter"},"type":"item_stack","bookmarkType":"INGREDIENT"},
  {"ingredient":{"id":"mekanismgenerators:solar_panel"},"type":"item_stack","bookmarkType":"INGREDIENT"},
  {"ingredient":{"id":"farmersdelight:straw"},"type":"item_stack","bookmarkType":"INGREDIENT"},
  {"ingredient":{"id":"farmersdelight:canvas"},"type":"item_stack","bookmarkType":"INGREDIENT"},
  {"ingredient":{"id":"create:cardboard"},"type":"item_stack","bookmarkType":"INGREDIENT"},
  {"ingredient":{"id":"minecraft:potato"},"type":"item_stack","bookmarkType":"INGREDIENT"},
  {"ingredient":{"id":"minecraft:white_wool"},"type":"item_stack","bookmarkType":"INGREDIENT"},
  {"ingredient":{"id":"refinedstorage:storage_housing"},"type":"item_stack","bookmarkType":"INGREDIENT"},
  {"ingredient":{"id":"refinedstorage:64k_storage_part"},"type":"item_stack","bookmarkType":"INGREDIENT"},
  {"ingredient":{"id":"refinedstorage:16k_storage_part"},"type":"item_stack","bookmarkType":"INGREDIENT"},
  {"ingredient":{"id":"refinedstorage:4k_storage_part"},"type":"item_stack","bookmarkType":"INGREDIENT"},
  {"ingredient":{"id":"refinedstorage:silicon"},"type":"item_stack","bookmarkType":"INGREDIENT"},
  {"ingredient":{"id":"refinedstorage:1k_storage_part"},"type":"item_stack","bookmarkType":"INGREDIENT"},
  {"ingredient":{"id":"twilightforest:giant_log"},"type":"item_stack","bookmarkType":"INGREDIENT"},
  {"ingredient":{"id":"twilightforest:giant_pickaxe"},"type":"item_stack","bookmarkType":"INGREDIENT"},
  {"ingredient":{"id":"twilightforest:fiery_ingot"},"type":"item_stack","bookmarkType":"INGREDIENT"},
  {"ingredient":{"id":"twilightforest:fiery_pickaxe"},"type":"item_stack","bookmarkType":"INGREDIENT"},
  {"ingredient":{"id":"minecraft:golden_boots"},"type":"item_stack","bookmarkType":"INGREDIENT"},
  {"ingredient":{"id":"minecraft:iron_leggings"},"type":"item_stack","bookmarkType":"INGREDIENT"},
  {"ingredient":{"id":"minecraft:iron_chestplate"},"type":"item_stack","bookmarkType":"INGREDIENT"},
  {"ingredient":{"id":"minecraft:iron_helmet"},"type":"item_stack","bookmarkType":"INGREDIENT"},
  {"ingredient":{"id":"minecraft:ender_pearl"},"type":"item_stack","bookmarkType":"INGREDIENT"},
  {"ingredient":{"id":"elevatorid:elevator_white"},"type":"item_stack","bookmarkType":"INGREDIENT"},
  {"ingredient":{"id":"mekanism:alloy_infused"},"type":"item_stack","bookmarkType":"INGREDIENT"},
  {"ingredient":{"id":"mekanism:energy_tablet"},"type":"item_stack","bookmarkType":"INGREDIENT"},
  {"ingredient":{"id":"mekanism:basic_energy_cube"},"type":"item_stack","bookmarkType":"INGREDIENT"},
  {"ingredient":{"id":"powah:ender_cell_starter"},"type":"item_stack","bookmarkType":"INGREDIENT"},
  {"ingredient":{"id":"extrastorage:iron_crafter"},"type":"item_stack","bookmarkType":"INGREDIENT"},
  {"ingredient":{"id":"extrastorage:neural_processor"},"type":"item_stack","bookmarkType":"INGREDIENT"},
  {"ingredient":{"id":"extrastorage:raw_neural_processor"},"type":"item_stack","bookmarkType":"INGREDIENT"},
  {"ingredient":{"id":"functionalstorage:diamond_upgrade"},"type":"item_stack","bookmarkType":"INGREDIENT"},
  {"ingredient":{"id":"minecraft:diamond_block"},"type":"item_stack","bookmarkType":"INGREDIENT"},
  {"ingredient":{"id":"minecraft:gold_block"},"type":"item_stack","bookmarkType":"INGREDIENT"}
]