[
  {"version":1},
  {"ingredient":{"id":"minecraft:netherite_ingot"},"type":"item_stack","bookmarkType":"INGREDIENT"},
  {"ingredient":{"id":"mekanism:alloy_infused"},"type":"item_stack","bookmarkType":"INGREDIENT"},
  {"ingredient":{"id":"mekanism:upgrade_speed"},"type":"item_stack","bookmarkType":"INGREDIENT"},
  {"recipe":"mekanism:processing/osmium/dust/from_ingot","recipeType":"mekanism:crushing","bookmarkType":"RECIPE"},
  {"ingredient":{"id":"mekanism:ingot_osmium"},"type":"item_stack","bookmarkType":"INGREDIENT"},
  {"ingredient":{"id":"minecraft:raw_gold"},"type":"item_stack","bookmarkType":"INGREDIENT"},
  {"ingredient":"productivebees:yellow_black_carpenter_bee","type":"cy.jdkdigital.productivebees.common.crafting.ingredient.BeeIngredient","bookmarkType":"INGREDIENT"},
  {"ingredient":"productivebees:blazing","type":"cy.jdkdigital.productivebees.common.crafting.ingredient.BeeIngredient","bookmarkType":"INGREDIENT"},
  {"ingredient":{"id":"productivebees:spawn_egg_configurable_bee","components":{"minecraft:entity_data":{"type":"productivebees:blazing","id":"productivebees:configurable_bee"}}},"type":"item_stack","bookmarkType":"INGREDIENT"},
  {"ingredient":{"id":"minecraft:dragon_egg"},"type":"item_stack","bookmarkType":"INGREDIENT"},
  {"ingredient":{"id":"minecraft:dragon_breath"},"type":"item_stack","bookmarkType":"INGREDIENT"},
  {"ingredient":{"id":"butcher:spikeddragonbone"},"type":"item_stack","bookmarkType":"INGREDIENT"},
  {"ingredient":{"id":"butcher:dragonscaleingot"},"type":"item_stack","bookmarkType":"INGREDIENT"},
  {"ingredient":{"id":"modularbees:dragon_breath_bucket"},"type":"item_stack","bookmarkType":"INGREDIENT"},
  {"ingredient":{"id":"modularbees:dragon_breath"},"type":"fluid_stack","bookmarkType":"INGREDIENT"},
  {"ingredient":{"id":"mekanism:creative_fluid_tank","components":{"mekanism:fluids":{"fluid_tanks":[{"id":"modularbees:dragon_breath","amount":2147483647}]}}},"type":"item_stack","bookmarkType":"INGREDIENT"},
  {"ingredient":{"id":"minecraft:gold_ingot"},"type":"item_stack","bookmarkType":"INGREDIENT"},
  {"ingredient":{"id":"minecraft:stick"},"type":"item_stack","bookmarkType":"INGREDIENT"},
  {"ingredient":{"id":"minecraft:netherite_scrap"},"type":"item_stack","bookmarkType":"INGREDIENT"},
  {"ingredient":{"id":"minecraft:glass_bottle"},"type":"item_stack","bookmarkType":"INGREDIENT"},
  {"ingredient":{"id":"minecraft:honey_bottle"},"type":"item_stack","bookmarkType":"INGREDIENT"},
  {"ingredient":{"id":"functionalstorage:fluid_1"},"type":"item_stack","bookmarkType":"INGREDIENT"},
  {"ingredient":{"id":"refinedstorage:autocrafting_upgrade"},"type":"item_stack","bookmarkType":"INGREDIENT"},
  {"ingredient":{"id":"minecraft:crafting_table"},"type":"item_stack","bookmarkType":"INGREDIENT"},
  {"ingredient":{"id":"mekanism:upgrade_energy"},"type":"item_stack","bookmarkType":"INGREDIENT"},
  {"ingredient":{"id":"mekanism:basic_tier_installer"},"type":"item_stack","bookmarkType":"INGREDIENT"},
  {"ingredient":{"id":"minecraft:ancient_debris"},"type":"item_stack","bookmarkType":"INGREDIENT"},
  {"ingredient":{"id":"minecraft:leather"},"type":"item_stack","bookmarkType":"INGREDIENT"},
  {"ingredient":{"id":"sophisticatedbackpacks:upgrade_base"},"type":"item_stack","bookmarkType":"INGREDIENT"},
  {"ingredient":{"id":"sophisticatedbackpacks:void_upgrade"},"type":"item_stack","bookmarkType":"INGREDIENT"},
  {"ingredient":{"id":"sophisticatedbackpacks:advanced_void_upgrade"},"type":"item_stack","bookmarkType":"INGREDIENT"},
  {"ingredient":{"id":"abyssal_decor:trashbag"},"type":"item_stack","bookmarkType":"INGREDIENT"},
  {"ingredient":{"id":"unusual_furniture:trash"},"type":"item_stack","bookmarkType":"INGREDIENT"},
  {"ingredient":{"id":"mekanism:creative_chemical_tank"},"type":"item_stack","bookmarkType":"INGREDIENT"},
  {"ingredient":{"id":"refinedstorage:interface"},"type":"item_stack","bookmarkType":"INGREDIENT"},
  {"ingredient":{"id":"refinedstorage:4096b_fluid_storage_block"},"type":"item_stack","bookmarkType":"INGREDIENT"},
  {"ingredient":{"id":"ae2:matter_cannon","components":{"ae2:stored_energy":200000.0}},"type":"item_stack","bookmarkType":"INGREDIENT"},
  {"ingredient":{"id":"minecraft:charcoal"},"type":"item_stack","bookmarkType":"INGREDIENT"},
  {"ingredient":{"id":"refinedstorage:regulator_upgrade"},"type":"item_stack","bookmarkType":"INGREDIENT"},
  {"ingredient":{"id":"functionalstorage:copper_upgrade"},"type":"item_stack","bookmarkType":"INGREDIENT"},
  {"ingredient":{"id":"butcher:pestleandmortarblock"},"type":"item_stack","bookmarkType":"INGREDIENT"},
  {"ingredient":{"id":"butcher:oil"},"type":"item_stack","bookmarkType":"INGREDIENT"},
  {"ingredient":{"id":"butcher:bottledcrushedflowers"},"type":"item_stack","bookmarkType":"INGREDIENT"},
  {"ingredient":{"id":"butcher:crushedflowers"},"type":"item_stack","bookmarkType":"INGREDIENT"},
  {"ingredient":{"id":"butcher:cowhoof"},"type":"item_stack","bookmarkType":"INGREDIENT"},
  {"ingredient":{"id":"minecraft:chain"},"type":"item_stack","bookmarkType":"INGREDIENT"},
  {"ingredient":{"id":"minecraft:cobblestone"},"type":"item_stack","bookmarkType":"INGREDIENT"},
  {"ingredient":{"id":"additional_lights:standing_torch_s_cobblestone"},"type":"item_stack","bookmarkType":"INGREDIENT"},
  {"ingredient":{"id":"additional_lights:standing_torch_l_cobblestone"},"type":"item_stack","bookmarkType":"INGREDIENT"},
  {"ingredient":{"id":"minecraft:nether_brick"},"type":"item_stack","bookmarkType":"INGREDIENT"},
  {"ingredient":{"id":"minecraft:nether_bricks"},"type":"item_stack","bookmarkType":"INGREDIENT"},
  {"ingredient":{"id":"minecraft:netherrack"},"type":"item_stack","bookmarkType":"INGREDIENT"},
  {"ingredient":{"id":"minecraft:glass"},"type":"item_stack","bookmarkType":"INGREDIENT"},
  {"ingredient":{"id":"minecraft:glass_pane"},"type":"item_stack","bookmarkType":"INGREDIENT"},
  {"ingredient":{"id":"twilightforest:mason_jar"},"type":"item_stack","bookmarkType":"INGREDIENT"},
  {"ingredient":{"id":"twilightforest:firefly_jar"},"type":"item_stack","bookmarkType":"INGREDIENT"},
  {"ingredient":{"id":"twilightforest:twilight_oak_log"},"type":"item_stack","bookmarkType":"INGREDIENT"},
  {"ingredient":{"id":"functionalstorage:storage_controller"},"type":"item_stack","bookmarkType":"INGREDIENT"},
  {"ingredient":{"id":"minecraft:quartz_block"},"type":"item_stack","bookmarkType":"INGREDIENT"},
  {"ingredient":{"id":"elevatorid:elevator_white"},"type":"item_stack","bookmarkType":"INGREDIENT"},
  {"ingredient":{"id":"minecraft:white_wool"},"type":"item_stack","bookmarkType":"INGREDIENT"},
  {"ingredient":{"id":"minecraft:diamond_pickaxe","components":{"minecraft:enchantments":{"levels":{"minecraft:unbreaking":3,"minecraft:fortune":2}},"minecraft:damage":217,"minecraft:custom_name":"\"pick me\"","minecraft:repair_cost":1}},"type":"item_stack","bookmarkType":"INGREDIENT"},
  {"ingredient":{"id":"minecraft:conduit"},"type":"item_stack","bookmarkType":"INGREDIENT"},
  {"ingredient":{"id":"generatorgalore:netherite_generator_64x"},"type":"item_stack","bookmarkType":"INGREDIENT"},
  {"ingredient":{"id":"ae2:quartz_cluster"},"type":"item_stack","bookmarkType":"INGREDIENT"},
  {"ingredient":{"id":"ae2:certus_quartz_crystal"},"type":"item_stack","bookmarkType":"INGREDIENT"},
  {"ingredient":{"id":"minecraft:bowl"},"type":"item_stack","bookmarkType":"INGREDIENT"},
  {"ingredient":{"id":"farmersdelight:tomato"},"type":"item_stack","bookmarkType":"INGREDIENT"},
  {"ingredient":{"id":"generatorgalore:gold_generator_8x"},"type":"item_stack","bookmarkType":"INGREDIENT"},
  {"ingredient":{"id":"farmersdelight:bacon"},"type":"item_stack","bookmarkType":"INGREDIENT"},
  {"ingredient":{"id":"farmersdelight:cooked_bacon"},"type":"item_stack","bookmarkType":"INGREDIENT"},
  {"ingredient":{"id":"ae2:formation_core"},"type":"item_stack","bookmarkType":"INGREDIENT"},
  {"ingredient":{"id":"abyssal_decor:bottomless_bag_of_cobblestone"},"type":"item_stack","bookmarkType":"INGREDIENT"},
  {"ingredient":{"id":"waystones:warp_stone"},"type":"item_stack","bookmarkType":"INGREDIENT"},
  {"ingredient":{"id":"buildinggadgets2:gadget_building"},"type":"item_stack","bookmarkType":"INGREDIENT"},
  {"ingredient":{"id":"productivebees:breeding_chamber"},"type":"item_stack","bookmarkType":"INGREDIENT"},
  {"ingredient":{"id":"functionalstorage:armory_cabinet"},"type":"item_stack","bookmarkType":"INGREDIENT"},
  {"ingredient":{"id":"farmersdelight:rice"},"type":"item_stack","bookmarkType":"INGREDIENT"},
  {"ingredient":{"id":"farmersdelight:cooked_rice"},"type":"item_stack","bookmarkType":"INGREDIENT"},
  {"ingredient":{"id":"farmersdelight:shepherds_pie"},"type":"item_stack","bookmarkType":"INGREDIENT"},
  {"ingredient":{"id":"farmersdelight:honey_glazed_ham"},"type":"item_stack","bookmarkType":"INGREDIENT"},
  {"ingredient":{"id":"farmersdelight:roast_chicken"},"type":"item_stack","bookmarkType":"INGREDIENT"},
  {"ingredient":{"id":"functionalstorage:configuration_tool"},"type":"item_stack","bookmarkType":"INGREDIENT"},
  {"ingredient":{"id":"functionalstorage:void_upgrade"},"type":"item_stack","bookmarkType":"INGREDIENT"},
  {"ingredient":{"id":"functionalstorage:warped_1"},"type":"item_stack","bookmarkType":"INGREDIENT"},
  {"ingredient":{"id":"storagedrawers:void_upgrade"},"type":"item_stack","bookmarkType":"INGREDIENT"},
  {"ingredient":{"id":"minecraft:crimson_stem"},"type":"item_stack","bookmarkType":"INGREDIENT"},
  {"ingredient":{"id":"minecraft:honey_block"},"type":"item_stack","bookmarkType":"INGREDIENT"},
  {"ingredient":{"id":"twilightforest:transformation_powder"},"type":"item_stack","bookmarkType":"INGREDIENT"},
  {"ingredient":{"id":"fluxnetworks:basic_flux_storage"},"type":"item_stack","bookmarkType":"INGREDIENT"},
  {"ingredient":{"id":"mekanism:basic_enriching_factory"},"type":"item_stack","bookmarkType":"INGREDIENT"},
  {"ingredient":{"id":"minecraft:raw_iron_block"},"type":"item_stack","bookmarkType":"INGREDIENT"},
  {"ingredient":{"id":"minecraft:diamond_axe","components":{"minecraft:damage":1005}},"type":"item_stack","bookmarkType":"INGREDIENT"},
  {"ingredient":{"id":"sophisticatedbackpacks:advanced_magnet_upgrade"},"type":"item_stack","bookmarkType":"INGREDIENT"},
  {"ingredient":{"id":"sophisticatedbackpacks:magnet_upgrade"},"type":"item_stack","bookmarkType":"INGREDIENT"},
  {"ingredient":{"id":"sophisticatedbackpacks:pickup_upgrade"},"type":"item_stack","bookmarkType":"INGREDIENT"},
  {"ingredient":{"id":"sophisticatedbackpacks:advanced_pump_upgrade"},"type":"item_stack","bookmarkType":"INGREDIENT"},
  {"ingredient":{"id":"minecraft:experience_bottle"},"type":"item_stack","bookmarkType":"INGREDIENT"},
  {"ingredient":{"id":"sophisticatedbackpacks:xp_pump_upgrade"},"type":"item_stack","bookmarkType":"INGREDIENT"},
  {"ingredient":{"id":"sophisticatedbackpacks:battery_upgrade"},"type":"item_stack","bookmarkType":"INGREDIENT"}
]