[
  {"version":1},
  {"ingredient":{"id":"mekanism:basic_control_circuit"},"type":"item_stack","bookmarkType":"INGREDIENT"},
  {"ingredient":{"id":"mekanism:personal_chest"},"type":"item_stack","bookmarkType":"INGREDIENT"},
  {"ingredient":{"id":"tacz:gun_smith_table"},"type":"item_stack","bookmarkType":"INGREDIENT"},
  {"ingredient":{"id":"tacz:workbench_c","components":{"minecraft:custom_data":{"BlockId":"tacz:attachment_workbench"}}},"type":"item_stack","bookmarkType":"INGREDIENT"},
  {"ingredient":{"id":"tacz:workbench_a","components":{"minecraft:custom_data":{"BlockId":"tacz:ammo_workbench"}}},"type":"item_stack","bookmarkType":"INGREDIENT"}
]