{
  "balancing": {
    // Sets the number of ticks it takes for slurry to congeal into dirt
    // Default: 36000
    "slurryhardeningtime": 36000,
    // Sets whether harmonium is obtainable,
    // Default: true,
    "enableharmonium": true,
    // Sets the number of ticks the stone drying table takes on average to cook items,
    // Default: 14400,
    "irondryingtabletickduration": 14400,
    // Sets whether molotov cocktails are (not) obtainable.,
    // Default: false,
    "disablemolotovs": false,
    // Sets whether drug effects are able to mess with chat messages.,
    // Default: BOTH,
    // OUTGOING - Messages others see from you are affected,
    // INCOMING - Messages you see from others are affected,
    // BOTH - All messages are affected,
    // NONE - No messages are affected,
    "messagedistortion": "BOTH",
    // Sets the number of ticks the wooden drying table takes on average to cook items,
    // Default: 19200,
    "dryingtabletickduration": 19200,
    // Controls how frequently zero rifts spawn.,
    // Set to 0 to disable rift spawning entirely,
    // Default: 216000,
    "randomticksuntilriftspawn": 216000,
    // Settings affecting world generation and in-game mechanics,
    "worldgeneration": {
      "juniper": {
        "enabled": true,
        "spawnableBiomes": {
          "included": [],
          "excluded": []
        }
      },
      "cannabis": {
        "enabled": true,
        "spawnableBiomes": {
          "included": [],
          "excluded": []
        }
      },
      "hop": {
        "enabled": true,
        "spawnableBiomes": {
          "included": [],
          "excluded": []
        }
      },
      "tobacco": {
        "enabled": true,
        "spawnableBiomes": {
          "included": [],
          "excluded": []
        }
      },
      "morningGlories": {
        "enabled": true,
        "spawnableBiomes": {
          "included": [],
          "excluded": []
        }
      },
      "belladonna": {
        "enabled": true,
        "spawnableBiomes": {
          "included": [],
          "excluded": []
        }
      },
      "jimsonweed": {
        "enabled": true,
        "spawnableBiomes": {
          "included": [],
          "excluded": []
        }
      },
      "tomato": {
        "enabled": true,
        "spawnableBiomes": {
          "included": [],
          "excluded": []
        }
      },
      "coffea": {
        "enabled": true,
        "spawnableBiomes": {
          "included": [],
          "excluded": []
        }
      },
      "coca": {
        "enabled": true,
        "spawnableBiomes": {
          "included": [],
          "excluded": []
        }
      },
      "peyote": {
        "enabled": true,
        "spawnableBiomes": {
          "included": [],
          "excluded": []
        }
      },
      "farmerDrugDeals": true,
      "dungeonChests": true,
      "villageChests": true
    },
    // Sets whether rift jars are obtainable. Rift jars are only useful if rift spawning is enabled as well.,
    // Default: true,
    "enableriftjars": true,
    // Sets the rate at which each fluid is processed.,
    // Delete the entry for a fluid and restart the game to have the default value for that fluid populated.,
    "fluidattributes": {
      "psychedelicraft:potato": {
        "ticksPerFermentation": 48000,
        "ticksPerDistillation": 48000,
        "ticksPerMaturation": 36000,
        "ticksUntilAcetification": 36000
      },
      "psychedelicraft:tomato": {
        "ticksPerFermentation": 48000,
        "ticksPerDistillation": 48000,
        "ticksPerMaturation": 36000,
        "ticksUntilAcetification": 36000
      },
      "psychedelicraft:sugar_cane": {
        "ticksPerFermentation": 48000,
        "ticksPerDistillation": 48000,
        "ticksPerMaturation": 36000,
        "ticksUntilAcetification": 36000
      },
      "psychedelicraft:corn": {
        "ticksPerFermentation": 48000,
        "ticksPerDistillation": 48000,
        "ticksPerMaturation": 36000,
        "ticksUntilAcetification": 36000
      },
      "psychedelicraft:pineapple": {
        "ticksPerFermentation": 48000,
        "ticksPerDistillation": 48000,
        "ticksPerMaturation": 36000,
        "ticksUntilAcetification": 36000
      },
      "psychedelicraft:rice": {
        "ticksPerFermentation": 48000,
        "ticksPerDistillation": 48000,
        "ticksPerMaturation": 36000,
        "ticksUntilAcetification": 36000
      },
      "psychedelicraft:apple": {
        "ticksPerFermentation": 48000,
        "ticksPerDistillation": 48000,
        "ticksPerMaturation": 36000,
        "ticksUntilAcetification": 36000
      },
      "psychedelicraft:red_grapes": {
        "ticksPerFermentation": 48000,
        "ticksPerDistillation": 48000,
        "ticksPerMaturation": 36000,
        "ticksUntilAcetification": 36000
      },
      "psychedelicraft:agave": {
        "ticksPerFermentation": 36000,
        "ticksPerDistillation": 96000,
        "ticksPerMaturation": 48000,
        "ticksUntilAcetification": 108000
      },
      "psychedelicraft:banana": {
        "ticksPerFermentation": 48000,
        "ticksPerDistillation": 48000,
        "ticksPerMaturation": 36000,
        "ticksUntilAcetification": 36000
      },
      "psychedelicraft:wheat": {
        "ticksPerFermentation": 48000,
        "ticksPerDistillation": 48000,
        "ticksPerMaturation": 36000,
        "ticksUntilAcetification": 36000
      },
      "psychedelicraft:belladonna_extract": {
        "ticksPerFermentation": 48000,
        "ticksPerDistillation": 1200,
        "ticksPerMaturation": 36000,
        "ticksUntilAcetification": 36000
      },
      "psychedelicraft:milk": {
        "ticksPerFermentation": 48000,
        "ticksPerDistillation": 48000,
        "ticksPerMaturation": 36000,
        "ticksUntilAcetification": 36000
      },
      "psychedelicraft:honey": {
        "ticksPerFermentation": 48000,
        "ticksPerDistillation": 48000,
        "ticksPerMaturation": 36000,
        "ticksUntilAcetification": 36000
      },
      "psychedelicraft:morning_glory_extract": {
        "ticksPerFermentation": 48000,
        "ticksPerDistillation": 1200,
        "ticksPerMaturation": 36000,
        "ticksUntilAcetification": 36000
      },
      "psychedelicraft:wheat_hop": {
        "ticksPerFermentation": 36000,
        "ticksPerDistillation": 72000,
        "ticksPerMaturation": 120000,
        "ticksUntilAcetification": 36000
      },
      "psychedelicraft:jimsonweed_extract": {
        "ticksPerFermentation": 48000,
        "ticksPerDistillation": 1200,
        "ticksPerMaturation": 36000,
        "ticksUntilAcetification": 36000
      },
      "psychedelicraft:juniper": {
        "ticksPerFermentation": 48000,
        "ticksPerDistillation": 48000,
        "ticksPerMaturation": 36000,
        "ticksUntilAcetification": 36000
      }
    }
  }
}